[{"model": "auth.permission", "pk": 1, "fields": {"name": "Can add log entry", "content_type": 1, "codename": "add_logentry"}}, {"model": "auth.permission", "pk": 2, "fields": {"name": "Can change log entry", "content_type": 1, "codename": "change_logentry"}}, {"model": "auth.permission", "pk": 3, "fields": {"name": "Can delete log entry", "content_type": 1, "codename": "delete_logentry"}}, {"model": "auth.permission", "pk": 4, "fields": {"name": "Can view log entry", "content_type": 1, "codename": "view_logentry"}}, {"model": "auth.permission", "pk": 5, "fields": {"name": "Can add permission", "content_type": 2, "codename": "add_permission"}}, {"model": "auth.permission", "pk": 6, "fields": {"name": "Can change permission", "content_type": 2, "codename": "change_permission"}}, {"model": "auth.permission", "pk": 7, "fields": {"name": "Can delete permission", "content_type": 2, "codename": "delete_permission"}}, {"model": "auth.permission", "pk": 8, "fields": {"name": "Can view permission", "content_type": 2, "codename": "view_permission"}}, {"model": "auth.permission", "pk": 9, "fields": {"name": "Can add group", "content_type": 3, "codename": "add_group"}}, {"model": "auth.permission", "pk": 10, "fields": {"name": "Can change group", "content_type": 3, "codename": "change_group"}}, {"model": "auth.permission", "pk": 11, "fields": {"name": "Can delete group", "content_type": 3, "codename": "delete_group"}}, {"model": "auth.permission", "pk": 12, "fields": {"name": "Can view group", "content_type": 3, "codename": "view_group"}}, {"model": "auth.permission", "pk": 13, "fields": {"name": "Can add content type", "content_type": 4, "codename": "add_contenttype"}}, {"model": "auth.permission", "pk": 14, "fields": {"name": "Can change content type", "content_type": 4, "codename": "change_contenttype"}}, {"model": "auth.permission", "pk": 15, "fields": {"name": "Can delete content type", "content_type": 4, "codename": "delete_contenttype"}}, {"model": "auth.permission", "pk": 16, "fields": {"name": "Can view content type", "content_type": 4, "codename": "view_contenttype"}}, {"model": "auth.permission", "pk": 17, "fields": {"name": "Can add session", "content_type": 5, "codename": "add_session"}}, {"model": "auth.permission", "pk": 18, "fields": {"name": "Can change session", "content_type": 5, "codename": "change_session"}}, {"model": "auth.permission", "pk": 19, "fields": {"name": "Can delete session", "content_type": 5, "codename": "delete_session"}}, {"model": "auth.permission", "pk": 20, "fields": {"name": "Can view session", "content_type": 5, "codename": "view_session"}}, {"model": "auth.permission", "pk": 21, "fields": {"name": "Can add Token", "content_type": 6, "codename": "add_token"}}, {"model": "auth.permission", "pk": 22, "fields": {"name": "Can change Token", "content_type": 6, "codename": "change_token"}}, {"model": "auth.permission", "pk": 23, "fields": {"name": "Can delete Token", "content_type": 6, "codename": "delete_token"}}, {"model": "auth.permission", "pk": 24, "fields": {"name": "Can view Token", "content_type": 6, "codename": "view_token"}}, {"model": "auth.permission", "pk": 25, "fields": {"name": "Can add token", "content_type": 7, "codename": "add_tokenproxy"}}, {"model": "auth.permission", "pk": 26, "fields": {"name": "Can change token", "content_type": 7, "codename": "change_tokenproxy"}}, {"model": "auth.permission", "pk": 27, "fields": {"name": "Can delete token", "content_type": 7, "codename": "delete_tokenproxy"}}, {"model": "auth.permission", "pk": 28, "fields": {"name": "Can view token", "content_type": 7, "codename": "view_tokenproxy"}}, {"model": "auth.permission", "pk": 29, "fields": {"name": "Can add user", "content_type": 8, "codename": "add_user"}}, {"model": "auth.permission", "pk": 30, "fields": {"name": "Can change user", "content_type": 8, "codename": "change_user"}}, {"model": "auth.permission", "pk": 31, "fields": {"name": "Can delete user", "content_type": 8, "codename": "delete_user"}}, {"model": "auth.permission", "pk": 32, "fields": {"name": "Can view user", "content_type": 8, "codename": "view_user"}}, {"model": "auth.permission", "pk": 33, "fields": {"name": "Can add category", "content_type": 9, "codename": "add_category"}}, {"model": "auth.permission", "pk": 34, "fields": {"name": "Can change category", "content_type": 9, "codename": "change_category"}}, {"model": "auth.permission", "pk": 35, "fields": {"name": "Can delete category", "content_type": 9, "codename": "delete_category"}}, {"model": "auth.permission", "pk": 36, "fields": {"name": "Can view category", "content_type": 9, "codename": "view_category"}}, {"model": "auth.permission", "pk": 37, "fields": {"name": "Can add transaction", "content_type": 10, "codename": "add_transaction"}}, {"model": "auth.permission", "pk": 38, "fields": {"name": "Can change transaction", "content_type": 10, "codename": "change_transaction"}}, {"model": "auth.permission", "pk": 39, "fields": {"name": "Can delete transaction", "content_type": 10, "codename": "delete_transaction"}}, {"model": "auth.permission", "pk": 40, "fields": {"name": "Can view transaction", "content_type": 10, "codename": "view_transaction"}}, {"model": "auth.permission", "pk": 41, "fields": {"name": "Can add lending registry", "content_type": 11, "codename": "add_lendingregistry"}}, {"model": "auth.permission", "pk": 42, "fields": {"name": "Can change lending registry", "content_type": 11, "codename": "change_lendingregistry"}}, {"model": "auth.permission", "pk": 43, "fields": {"name": "Can delete lending registry", "content_type": 11, "codename": "delete_lendingregistry"}}, {"model": "auth.permission", "pk": 44, "fields": {"name": "Can view lending registry", "content_type": 11, "codename": "view_lendingregistry"}}, {"model": "auth.permission", "pk": 45, "fields": {"name": "Can add community post", "content_type": 12, "codename": "add_communitypost"}}, {"model": "auth.permission", "pk": 46, "fields": {"name": "Can change community post", "content_type": 12, "codename": "change_communitypost"}}, {"model": "auth.permission", "pk": 47, "fields": {"name": "Can delete community post", "content_type": 12, "codename": "delete_communitypost"}}, {"model": "auth.permission", "pk": 48, "fields": {"name": "Can view community post", "content_type": 12, "codename": "view_communitypost"}}, {"model": "auth.permission", "pk": 49, "fields": {"name": "Can add bookmark", "content_type": 13, "codename": "add_bookmark"}}, {"model": "auth.permission", "pk": 50, "fields": {"name": "Can change bookmark", "content_type": 13, "codename": "change_bookmark"}}, {"model": "auth.permission", "pk": 51, "fields": {"name": "Can delete bookmark", "content_type": 13, "codename": "delete_bookmark"}}, {"model": "auth.permission", "pk": 52, "fields": {"name": "Can view bookmark", "content_type": 13, "codename": "view_bookmark"}}, {"model": "auth.permission", "pk": 53, "fields": {"name": "Can add post vote", "content_type": 14, "codename": "add_postvote"}}, {"model": "auth.permission", "pk": 54, "fields": {"name": "Can change post vote", "content_type": 14, "codename": "change_postvote"}}, {"model": "auth.permission", "pk": 55, "fields": {"name": "Can delete post vote", "content_type": 14, "codename": "delete_postvote"}}, {"model": "auth.permission", "pk": 56, "fields": {"name": "Can view post vote", "content_type": 14, "codename": "view_postvote"}}, {"model": "auth.permission", "pk": 57, "fields": {"name": "Can add comment", "content_type": 15, "codename": "add_comment"}}, {"model": "auth.permission", "pk": 58, "fields": {"name": "Can change comment", "content_type": 15, "codename": "change_comment"}}, {"model": "auth.permission", "pk": 59, "fields": {"name": "Can delete comment", "content_type": 15, "codename": "delete_comment"}}, {"model": "auth.permission", "pk": 60, "fields": {"name": "Can view comment", "content_type": 15, "codename": "view_comment"}}, {"model": "auth.permission", "pk": 61, "fields": {"name": "Can add comment vote", "content_type": 16, "codename": "add_commentvote"}}, {"model": "auth.permission", "pk": 62, "fields": {"name": "Can change comment vote", "content_type": 16, "codename": "change_commentvote"}}, {"model": "auth.permission", "pk": 63, "fields": {"name": "Can delete comment vote", "content_type": 16, "codename": "delete_commentvote"}}, {"model": "auth.permission", "pk": 64, "fields": {"name": "Can view comment vote", "content_type": 16, "codename": "view_commentvote"}}, {"model": "contenttypes.contenttype", "pk": 1, "fields": {"app_label": "admin", "model": "logentry"}}, {"model": "contenttypes.contenttype", "pk": 2, "fields": {"app_label": "auth", "model": "permission"}}, {"model": "contenttypes.contenttype", "pk": 3, "fields": {"app_label": "auth", "model": "group"}}, {"model": "contenttypes.contenttype", "pk": 4, "fields": {"app_label": "contenttypes", "model": "contenttype"}}, {"model": "contenttypes.contenttype", "pk": 5, "fields": {"app_label": "sessions", "model": "session"}}, {"model": "contenttypes.contenttype", "pk": 6, "fields": {"app_label": "authtoken", "model": "token"}}, {"model": "contenttypes.contenttype", "pk": 7, "fields": {"app_label": "authtoken", "model": "tokenproxy"}}, {"model": "contenttypes.contenttype", "pk": 8, "fields": {"app_label": "user", "model": "user"}}, {"model": "contenttypes.contenttype", "pk": 9, "fields": {"app_label": "category", "model": "category"}}, {"model": "contenttypes.contenttype", "pk": 10, "fields": {"app_label": "transaction", "model": "transaction"}}, {"model": "contenttypes.contenttype", "pk": 11, "fields": {"app_label": "lending_registry", "model": "lendingregistry"}}, {"model": "contenttypes.contenttype", "pk": 12, "fields": {"app_label": "community_post", "model": "communitypost"}}, {"model": "contenttypes.contenttype", "pk": 13, "fields": {"app_label": "community_post", "model": "bookmark"}}, {"model": "contenttypes.contenttype", "pk": 14, "fields": {"app_label": "community_post", "model": "postvote"}}, {"model": "contenttypes.contenttype", "pk": 15, "fields": {"app_label": "community_post", "model": "comment"}}, {"model": "contenttypes.contenttype", "pk": 16, "fields": {"app_label": "community_post", "model": "commentvote"}}, {"model": "sessions.session", "pk": "xlprhyylehptgonm1izacnbyvkymfk19", "fields": {"session_data": ".eJxVjEEOwiAQRe_C2hCGAoJL9z0DmWFAqoYmpV0Z765NutDtf-_9l4i4rTVuPS9xYnERIE6_G2F65LYDvmO7zTLNbV0mkrsiD9rlOHN-Xg_376Bir9_agbZKo2FDaAKcwaO3IQANWnmtC5DLnAZMoJxDRsvZJsJQqFAoA4j3B8VdOBk:1r7f6R:4fVbg6a1VABXToRAENgtTK7MsWlHlXre6dgL0b2NDgw", "expire_date": "2023-12-11T17:08:59.363Z"}}, {"model": "sessions.session", "pk": "zw8o2t50n3yrr5k5i2lj37egvmnykzc6", "fields": {"session_data": ".eJxVjEEOwiAQRe_C2hAYChSX7j0DYWBGqoYmpV0Z765NutDtf-_9l4hpW2vcOi1xKuIstDj9bpjyg9oOyj212yzz3NZlQrkr8qBdXudCz8vh_h3U1Ou3BkxEBdloO-iBtVHKISkmDqC8z8AODLDWI6BjUr5gCgYsW6NGG0i8P-7HN8I:1r7bfd:ARwHKvl5SVG2IpIcyEqkxILFj4OMPEZ_987TfBCVk-0", "expire_date": "2023-12-11T13:29:05.529Z"}}, {"model": "authtoken.token", "pk": "277185284f496bb09103f940ed7c4f4de9bb719c", "fields": {"user": 6, "created": "2023-11-28T02:11:33.506Z"}}, {"model": "authtoken.token", "pk": "36629a643ab2547fff1c1cc71746100aaaf932a1", "fields": {"user": 4, "created": "2023-11-27T17:31:11.985Z"}}, {"model": "authtoken.token", "pk": "691c3787df40e5d19684f9d9a060cf3ef07a344e", "fields": {"user": 2, "created": "2023-11-27T13:41:54.518Z"}}, {"model": "authtoken.token", "pk": "744fda2f543b2b89f2a592e66de80040a890c416", "fields": {"user": 5, "created": "2023-11-27T17:36:02.784Z"}}, {"model": "authtoken.token", "pk": "abdfd3415497587d88182a80b368c5af66e030f6", "fields": {"user": 3, "created": "2023-11-27T17:11:29.144Z"}}, {"model": "authtoken.token", "pk": "d964010cf1caff714a67749fa9f2ce663a8ac9a9", "fields": {"user": 7, "created": "2023-11-28T04:48:39.273Z"}}, {"model": "user.user", "pk": 1, "fields": {"password": "pbkdf2_sha256$600000$ohsUq33mjS3OWytlSTG2x3$m8SbfAuqLUUjNi+m3+UWxXTBeBXDDqarT6vdd9bPBL0=", "last_login": "2023-11-27T17:08:59.156Z", "is_superuser": true, "email": "lcs2020043@iiitl.ac.in", "name": "", "city": "", "total_budget": "0.00", "profile_pic": "", "is_active": true, "is_staff": true, "groups": [], "user_permissions": []}}, {"model": "user.user", "pk": 2, "fields": {"password": "pbkdf2_sha256$600000$hZyA2R3W2zi2jDz2JHGc3X$Ut6nrUcKaGaP9QEG7XcwJ2GMMNoL3UFDNt3c/P5ClHo=", "last_login": null, "is_superuser": false, "email": "ravi.maurya47t@gmail.com", "name": "Ravi Maurya", "city": "Lucknow", "total_budget": "5000.00", "profile_pic": "profile_pic/20221004_155329.jpg", "is_active": true, "is_staff": false, "groups": [], "user_permissions": []}}, {"model": "user.user", "pk": 3, "fields": {"password": "pbkdf2_sha256$600000$RNf4koTiVTcUvMiBFRED18$0cJTNA4foCFgcNOry7Y85qXb1Ure+sZn+zApQ+bvFiI=", "last_login": null, "is_superuser": false, "email": "rohannagar24@gmail.com", "name": "Rohan Nagar", "city": "Bulandshahr", "total_budget": "5000.00", "profile_pic": "profile_pic/IMG20211202153856.jpg", "is_active": true, "is_staff": false, "groups": [], "user_permissions": []}}, {"model": "user.user", "pk": 4, "fields": {"password": "pbkdf2_sha256$600000$r7H7BzQTqAqaS5v81ef8vq$jAmy003So/JUVpIe1x9lcP2JVzabXsw7Cu96bH9BVtU=", "last_login": null, "is_superuser": false, "email": "ypriyanshu251@gmail.com", "name": "Priyanshu", "city": "Lucknow", "total_budget": "5000.00", "profile_pic": "profile_pic/Profile_pic.jpg", "is_active": true, "is_staff": false, "groups": [], "user_permissions": []}}, {"model": "user.user", "pk": 5, "fields": {"password": "pbkdf2_sha256$600000$IWn5rCVXTR4yZa5H5zdZjQ$DZfQzoYwPA+CtDijsdj5ydssyUPRD2HzNbxP7w9UkXc=", "last_login": null, "is_superuser": false, "email": "viralkverma0987@gmail.com", "name": "Viral Verma", "city": "Lucknoe", "total_budget": "0.00", "profile_pic": "profile_pic/1000026466.jpg", "is_active": true, "is_staff": false, "groups": [], "user_permissions": []}}, {"model": "user.user", "pk": 6, "fields": {"password": "pbkdf2_sha256$600000$Hsw0YQ5aU0by5OJGCxsr1v$S1TTz6Rg+IL3/ultF+C9yM98X/gEUtNEpVmTalES2Ys=", "last_login": null, "is_superuser": false, "email": "abhimaurya1999@gmail.com", "name": "Abhishek Maurya", "city": "Rajkot", "total_budget": "0.00", "profile_pic": "", "is_active": true, "is_staff": false, "groups": [], "user_permissions": []}}, {"model": "user.user", "pk": 7, "fields": {"password": "pbkdf2_sha256$600000$P33WJ7i4KAHFW3NHIJSrUe$eUv1eewXbJcd2F3AdtEu3UeCFeiKrMrGsUTIr49dJPI=", "last_login": null, "is_superuser": false, "email": "mohdshaban580@gmail.com", "name": "Mohd Shaban", "city": "Lucknow", "total_budget": "0.00", "profile_pic": "profile_pic/1000014857.jpg", "is_active": true, "is_staff": false, "groups": [], "user_permissions": []}}, {"model": "category.category", "pk": 1, "fields": {"name": "Food and Dining"}}, {"model": "category.category", "pk": 2, "fields": {"name": "Groceries"}}, {"model": "category.category", "pk": 3, "fields": {"name": "Transportation"}}, {"model": "category.category", "pk": 4, "fields": {"name": "Utilities"}}, {"model": "category.category", "pk": 5, "fields": {"name": "Rent/Mortgage"}}, {"model": "category.category", "pk": 6, "fields": {"name": "Entertainment"}}, {"model": "category.category", "pk": 7, "fields": {"name": "Travel"}}, {"model": "category.category", "pk": 8, "fields": {"name": "Shopping"}}, {"model": "category.category", "pk": 9, "fields": {"name": "Health and Fitness"}}, {"model": "category.category", "pk": 10, "fields": {"name": "Personal Care"}}, {"model": "category.category", "pk": 11, "fields": {"name": "Education"}}, {"model": "category.category", "pk": 12, "fields": {"name": "Gifts and Donations"}}, {"model": "category.category", "pk": 13, "fields": {"name": "Business Expenses"}}, {"model": "category.category", "pk": 14, "fields": {"name": "Insurance"}}, {"model": "category.category", "pk": 15, "fields": {"name": "Taxes"}}, {"model": "transaction.transaction", "pk": 1, "fields": {"date": "2023-11-01", "amount": "642.00", "title": "Train ticket", "category": 7, "user": 3}}, {"model": "transaction.transaction", "pk": 2, "fields": {"date": "2023-11-18", "amount": "642.00", "title": "Train ticket", "category": 7, "user": 3}}, {"model": "transaction.transaction", "pk": 3, "fields": {"date": "2023-11-27", "amount": "642.00", "title": "Train Ticket", "category": 7, "user": 3}}, {"model": "transaction.transaction", "pk": 4, "fields": {"date": "2023-11-16", "amount": "400.00", "title": "Restaurant", "category": 1, "user": 3}}, {"model": "transaction.transaction", "pk": 5, "fields": {"date": "2023-11-10", "amount": "300.00", "title": "Notebooks", "category": 11, "user": 3}}, {"model": "transaction.transaction", "pk": 6, "fields": {"date": "2023-11-07", "amount": "250.00", "title": "Medicines", "category": 9, "user": 3}}, {"model": "transaction.transaction", "pk": 7, "fields": {"date": "2023-11-13", "amount": "300.00", "title": "Perfume", "category": 10, "user": 3}}, {"model": "transaction.transaction", "pk": 8, "fields": {"date": "2023-11-27", "amount": "80.00", "title": "Chana masala", "category": 1, "user": 4}}, {"model": "transaction.transaction", "pk": 9, "fields": {"date": "2023-11-17", "amount": "1630.00", "title": "Train ticket", "category": 1, "user": 4}}, {"model": "transaction.transaction", "pk": 10, "fields": {"date": "2023-11-24", "amount": "250.00", "title": "Movie", "category": 6, "user": 4}}, {"model": "transaction.transaction", "pk": 11, "fields": {"date": "2023-11-25", "amount": "200.00", "title": "Deras Dam", "category": 7, "user": 4}}, {"model": "transaction.transaction", "pk": 12, "fields": {"date": "2023-11-26", "amount": "350.00", "title": "Medical", "category": 9, "user": 4}}, {"model": "transaction.transaction", "pk": 13, "fields": {"date": "2023-11-22", "amount": "500.00", "title": "Hoodie", "category": 8, "user": 3}}, {"model": "transaction.transaction", "pk": 14, "fields": {"date": "2023-11-28", "amount": "20.00", "title": "Donation to the temple", "category": 12, "user": 3}}, {"model": "transaction.transaction", "pk": 15, "fields": {"date": "2023-11-28", "amount": "1500.00", "title": "Gym total expenses", "category": 9, "user": 6}}, {"model": "transaction.transaction", "pk": 16, "fields": {"date": "2023-11-25", "amount": "300.00", "title": "Noodles", "category": 1, "user": 3}}, {"model": "lending_registry.lendingregistry", "pk": 1, "fields": {"lender": 4, "borrower": 2, "initiated_by": 4, "cleared_by": null, "amount": "500.00", "create_date": "2023-11-27", "clear_date": "2023-11-27", "status": "Initiate Request Pending", "description": "Emergency"}}, {"model": "lending_registry.lendingregistry", "pk": 2, "fields": {"lender": 2, "borrower": 4, "initiated_by": 4, "cleared_by": null, "amount": "300.00", "create_date": "2023-11-27", "clear_date": "2023-11-27", "status": "Initiate Request Pending", "description": "mobile repair"}}, {"model": "lending_registry.lendingregistry", "pk": 3, "fields": {"lender": 4, "borrower": 3, "initiated_by": 4, "cleared_by": null, "amount": "400.00", "create_date": "2023-11-27", "clear_date": "2023-11-27", "status": "Active", "description": "fruits and vegetables"}}, {"model": "lending_registry.lendingregistry", "pk": 4, "fields": {"lender": 3, "borrower": 2, "initiated_by": 3, "cleared_by": 2, "amount": "50.00", "create_date": "2023-11-27", "clear_date": "2023-11-28", "status": "Cleared", "description": "Notebook and pen"}}, {"model": "lending_registry.lendingregistry", "pk": 5, "fields": {"lender": 2, "borrower": 3, "initiated_by": 2, "cleared_by": null, "amount": "100.00", "create_date": "2023-11-27", "clear_date": "2023-11-27", "status": "Initiate Request Pending", "description": "Earphones"}}, {"model": "lending_registry.lendingregistry", "pk": 6, "fields": {"lender": 2, "borrower": 3, "initiated_by": 2, "cleared_by": 2, "amount": "300.00", "create_date": "2023-11-28", "clear_date": "2023-11-28", "status": "Clear Request Pending", "description": "Cab"}}, {"model": "community_post.communitypost", "pk": 1, "fields": {"title": "Good resource for Data structures and algorithms?", "content": "What are some good online resources to study data structures and algorithms?", "created_at": "2023-11-27T17:29:06.429Z", "updated_at": "2023-11-27T17:29:06.429Z", "author": 2, "image": "community_post_images/dsa.jpg"}}, {"model": "community_post.communitypost", "pk": 2, "fields": {"title": "Awesome Dinner place in Lucknow", "content": "Keeping alive the legacy of the city’s rich culinary tradition is Oudhyana, undoubtedly one of the best restaurants in Lucknow for enjoying a royal dining experience. At Oudhyana, the ambiance is a grand affair while the staff is extremely gracious. Bringing alive the authentic flavors of Awadh, the restaurant serves Lucknowi and Mughlai cuisines and takes you back to the Mughal era through its delectable dishes. Their elaborate menu includes a number of heritage dishes that are almost forgotten today. The kakori and melt-in-your-mouth galawat kebabs are a specialty of this place.  Besides luxury dining, the place is also an excellent choice for a couple of cocktails or a glass of wine as you dine. \n\nLocation: Vivanta by Taj, Gomti Nagar, Lucknow\nTimings: 12:30 pm to 02:45 pm and 07:30 pm to 11:30 pm; every day\nMust-try Items: Nihari, Galawat Kebab, Kakori Kebab, Shahi Tukda\nCost for two:", "created_at": "2023-11-27T17:39:18.131Z", "updated_at": "2023-11-27T17:39:18.131Z", "author": 5, "image": "community_post_images/1000029301.jpg"}}, {"model": "community_post.communitypost", "pk": 3, "fields": {"title": "Juggling Between Development and Data Structures/Algorithms: Where to Prioritize", "content": "I've been diving into the fascinating world of software development and brushing up on my Data Structures and Algorithms (DSA) skills lately. But here's the catch: it's getting tough to balance both. 🤯On one hand, there's the thrill of creating apps, writing code, and bringing ideas to life. On the other, DSA seems crucial for interviews and building a strong foundation. How do you strike the right balance between these two?Here are my thoughts:Development: It's hands-on, practical, and immediately applicable. Creating projects gives a sense of accomplishment and real-world experience.DSA: Vital for interviews and understanding the backbone of problem-solving. But it feels more abstract and takes time to master.Questions haunting me:Which should I prioritize given limited time—building projects or mastering DSA?How have you managed this juggling act?Any tips or strategies to efficiently handle both without feeling overwhelmed?", "created_at": "2023-11-27T17:58:54.416Z", "updated_at": "2023-11-27T17:58:54.416Z", "author": 2, "image": "community_post_images/images (1).jpg"}}, {"model": "community_post.communitypost", "pk": 4, "fields": {"title": "Local palces to travel in Bhubaneswar", "content": "Deras is a hidden spot to sneak out with your friends and family. Surrounded by green lush grass, trees and moist climate. Its a popular hangout spot to take a break and get away from the city life.", "created_at": "2023-11-27T18:05:11.935Z", "updated_at": "2023-11-27T18:05:11.935Z", "author": 4, "image": "community_post_images/20230521_182353.jpg"}}, {"model": "community_post.communitypost", "pk": 5, "fields": {"title": "Bicycle available for sale in Lucknow", "content": "Hi everyone,\nI am selling my 2 year old Leader Stark bicycle. I am selling it because I have bought a new bike, therefore I no longer need a bicycle. The bicycle runs well. The rear tyre and tube have been recently changed, and the front tyre has a new tube. The gears also work well and the chain is greased well. The brake pads were also replaced 5 months ago.\nCurrent selling price is ₹2500, which is negotiable.\nLocation: Gomti Nagar, Lucknow\nPhone: 9876543210", "created_at": "2023-11-27T18:41:53.816Z", "updated_at": "2023-11-27T18:41:53.816Z", "author": 3, "image": "community_post_images/1000009778.jpg"}}, {"model": "community_post.communitypost", "pk": 6, "fields": {"title": "Thanks Savio for helping me manage my spending", "content": "I decided to try and use Savio after getting recommended by a friend, and I am glad I started using it. \nEntering an expenditure record is very easy on this app. What really helped me is the prediction system of this app, which can warn me about crossing my budget goal if I start spending money like a lunatic. \nAlso the community on this platform is really great. You can interact with them and seek advice for literally anything.\nMe and my friend love the Dues section of the app, which helps us in keeping track of if and how much money we are owing to one another.\n\nOverall, Savio has helped me manage my money better and keeping my spending in check. Thanks Savio!", "created_at": "2023-11-27T21:05:16.465Z", "updated_at": "2023-11-27T21:05:16.465Z", "author": 3, "image": "community_post_images/1000009786.jpg"}}, {"model": "community_post.bookmark", "pk": 1, "fields": {"user": 2, "post": 1, "created_at": "2023-11-27T17:30:13.188Z"}}, {"model": "community_post.bookmark", "pk": 2, "fields": {"user": 3, "post": 2, "created_at": "2023-11-27T18:42:40.211Z"}}, {"model": "community_post.postvote", "pk": 1, "fields": {"user": 3, "post": 1, "vote": 1, "created_at": "2023-11-27T17:31:12.912Z"}}, {"model": "community_post.postvote", "pk": 2, "fields": {"user": 5, "post": 1, "vote": 1, "created_at": "2023-11-27T17:39:37.891Z"}}, {"model": "community_post.postvote", "pk": 3, "fields": {"user": 2, "post": 2, "vote": 1, "created_at": "2023-11-27T17:41:00.631Z"}}, {"model": "community_post.postvote", "pk": 4, "fields": {"user": 5, "post": 2, "vote": 1, "created_at": "2023-11-27T17:44:37.481Z"}}, {"model": "community_post.postvote", "pk": 5, "fields": {"user": 3, "post": 2, "vote": 1, "created_at": "2023-11-27T18:42:39.269Z"}}, {"model": "community_post.postvote", "pk": 6, "fields": {"user": 3, "post": 3, "vote": 1, "created_at": "2023-11-27T21:05:49.844Z"}}, {"model": "community_post.comment", "pk": 1, "fields": {"content": "Striver's A to Z DSA sheet. Best resource out there for free.", "author": 3, "post": 1, "created_at": "2023-11-27T17:30:39.207Z", "updated_at": "2023-11-27T17:30:39.207Z", "parent": null, "depth": 0}}, {"model": "community_post.comment", "pk": 2, "fields": {"content": "Thank you for the suggestion. Its actually a good restaurant, recommended to all.", "author": 4, "post": 2, "created_at": "2023-11-27T18:18:03.060Z", "updated_at": "2023-11-27T18:18:03.060Z", "parent": null, "depth": 0}}, {"model": "community_post.comment", "pk": 3, "fields": {"content": "If you are not in the final year yet, I would suggest you to devote time to both DSA and dev. If you are a final year student, then I would say stick to DSA if you are seeking job during the college placement season.", "author": 3, "post": 3, "created_at": "2023-11-27T21:08:36.101Z", "updated_at": "2023-11-27T21:08:36.101Z", "parent": null, "depth": 0}}, {"model": "community_post.commentvote", "pk": 1, "fields": {"user": 2, "comment": 1, "vote": 1}}, {"model": "community_post.commentvote", "pk": 2, "fields": {"user": 3, "comment": 2, "vote": 1}}]